{
  "experiment": "E2_extreme_low_data",
  "dataset": "Asia",
  "results": {
    "notears_N5": {
      "shd": {
        "mean": 15.5,
        "std": 2.9068883707497264,
        "min": 11.0,
        "max": 20.0,
        "n": 10
      },
      "f1": {
        "mean": 0.346339151991326,
        "std": 0.11123451242398825,
        "min": 0.1904761904761905,
        "max": 0.5217391304347827,
        "n": 10
      },
      "precision": {
        "mean": 0.2623966307170642,
        "std": 0.08546353034186052,
        "min": 0.15384615384615385,
        "max": 0.4,
        "n": 10
      },
      "recall": {
        "mean": 0.5125,
        "std": 0.1625,
        "min": 0.25,
        "max": 0.75,
        "n": 10
      },
      "tp": {
        "mean": 4.1,
        "std": 1.3,
        "min": 2.0,
        "max": 6.0,
        "n": 10
      },
      "fp": {
        "mean": 11.6,
        "std": 2.0099751242241783,
        "min": 9.0,
        "max": 15.0,
        "n": 10
      },
      "fn": {
        "mean": 3.9,
        "std": 1.3,
        "min": 2.0,
        "max": 6.0,
        "n": 10
      },
      "n_pred_edges": {
        "mean": 15.7,
        "std": 1.7349351572897471,
        "min": 13.0,
        "max": 19.0,
        "n": 10
      },
      "n_true_edges": {
        "mean": 8.0,
        "std": 0.0,
        "min": 8.0,
        "max": 8.0,
        "n": 10
      },
      "n_samples": {
        "mean": 5.0,
        "std": 0.0,
        "min": 5.0,
        "max": 5.0,
        "n": 10
      }
    },
    "holograph_N5": {
      "shd": {
        "mean": 6.0,
        "std": 0.0,
        "min": 6.0,
        "max": 6.0,
        "n": 10
      },
      "f1": {
        "mean": 0.6666666666666664,
        "std": 1.1102230246251565e-16,
        "min": 0.6666666666666665,
        "max": 0.6666666666666665,
        "n": 10
      },
      "precision": {
        "mean": 0.5999999999999999,
        "std": 1.1102230246251565e-16,
        "min": 0.6,
        "max": 0.6,
        "n": 10
      },
      "recall": {
        "mean": 0.75,
        "std": 0.0,
        "min": 0.75,
        "max": 0.75,
        "n": 10
      },
      "tp": {
        "mean": 6.0,
        "std": 0.0,
        "min": 6.0,
        "max": 6.0,
        "n": 10
      },
      "fp": {
        "mean": 4.0,
        "std": 0.0,
        "min": 4.0,
        "max": 4.0,
        "n": 10
      },
      "fn": {
        "mean": 2.0,
        "std": 0.0,
        "min": 2.0,
        "max": 2.0,
        "n": 10
      },
      "n_pred_edges": {
        "mean": 10.0,
        "std": 0.0,
        "min": 10.0,
        "max": 10.0,
        "n": 10
      },
      "n_true_edges": {
        "mean": 8.0,
        "std": 0.0,
        "min": 8.0,
        "max": 8.0,
        "n": 10
      },
      "llm_queries_used": {
        "mean": 75.0,
        "std": 0.0,
        "min": 75.0,
        "max": 75.0,
        "n": 10
      }
    },
    "notears_N10": {
      "shd": {
        "mean": 10.5,
        "std": 2.7658633371878665,
        "min": 6.0,
        "max": 15.0,
        "n": 10
      },
      "f1": {
        "mean": 0.5536714879323574,
        "std": 0.1305267791922311,
        "min": 0.3,
        "max": 0.7272727272727273,
        "n": 10
      },
      "precision": {
        "mean": 0.4189239028944911,
        "std": 0.09811217664934506,
        "min": 0.25,
        "max": 0.5714285714285714,
        "n": 10
      },
      "recall": {
        "mean": 0.825,
        "std": 0.21065374432940895,
        "min": 0.375,
        "max": 1.0,
        "n": 10
      },
      "tp": {
        "mean": 6.6,
        "std": 1.6852299546352716,
        "min": 3.0,
        "max": 8.0,
        "n": 10
      },
      "fp": {
        "mean": 9.1,
        "std": 1.8138357147217055,
        "min": 6.0,
        "max": 12.0,
        "n": 10
      },
      "fn": {
        "mean": 1.4,
        "std": 1.6852299546352718,
        "min": 0.0,
        "max": 5.0,
        "n": 10
      },
      "n_pred_edges": {
        "mean": 15.7,
        "std": 2.1470910553583886,
        "min": 12.0,
        "max": 20.0,
        "n": 10
      },
      "n_true_edges": {
        "mean": 8.0,
        "std": 0.0,
        "min": 8.0,
        "max": 8.0,
        "n": 10
      },
      "n_samples": {
        "mean": 10.0,
        "std": 0.0,
        "min": 10.0,
        "max": 10.0,
        "n": 10
      }
    },
    "holograph_N10": {
      "shd": {
        "mean": 6.0,
        "std": 0.0,
        "min": 6.0,
        "max": 6.0,
        "n": 10
      },
      "f1": {
        "mean": 0.6666666666666664,
        "std": 1.1102230246251565e-16,
        "min": 0.6666666666666665,
        "max": 0.6666666666666665,
        "n": 10
      },
      "precision": {
        "mean": 0.5999999999999999,
        "std": 1.1102230246251565e-16,
        "min": 0.6,
        "max": 0.6,
        "n": 10
      },
      "recall": {
        "mean": 0.75,
        "std": 0.0,
        "min": 0.75,
        "max": 0.75,
        "n": 10
      },
      "tp": {
        "mean": 6.0,
        "std": 0.0,
        "min": 6.0,
        "max": 6.0,
        "n": 10
      },
      "fp": {
        "mean": 4.0,
        "std": 0.0,
        "min": 4.0,
        "max": 4.0,
        "n": 10
      },
      "fn": {
        "mean": 2.0,
        "std": 0.0,
        "min": 2.0,
        "max": 2.0,
        "n": 10
      },
      "n_pred_edges": {
        "mean": 10.0,
        "std": 0.0,
        "min": 10.0,
        "max": 10.0,
        "n": 10
      },
      "n_true_edges": {
        "mean": 8.0,
        "std": 0.0,
        "min": 8.0,
        "max": 8.0,
        "n": 10
      },
      "llm_queries_used": {
        "mean": 75.0,
        "std": 0.0,
        "min": 75.0,
        "max": 75.0,
        "n": 10
      }
    },
    "notears_N20": {
      "shd": {
        "mean": 6.8,
        "std": 2.7129319932501073,
        "min": 4.0,
        "max": 13.0,
        "n": 10
      },
      "f1": {
        "mean": 0.6961204779625831,
        "std": 0.08634332427076112,
        "min": 0.5185185185185185,
        "max": 0.8,
        "n": 10
      },
      "precision": {
        "mean": 0.5584226080936607,
        "std": 0.09384947499738697,
        "min": 0.3684210526315789,
        "max": 0.6666666666666666,
        "n": 10
      },
      "recall": {
        "mean": 0.9375,
        "std": 0.0625,
        "min": 0.875,
        "max": 1.0,
        "n": 10
      },
      "tp": {
        "mean": 7.5,
        "std": 0.5,
        "min": 7.0,
        "max": 8.0,
        "n": 10
      },
      "fp": {
        "mean": 6.3,
        "std": 2.4919871588754225,
        "min": 4.0,
        "max": 12.0,
        "n": 10
      },
      "fn": {
        "mean": 0.5,
        "std": 0.5,
        "min": 0.0,
        "max": 1.0,
        "n": 10
      },
      "n_pred_edges": {
        "mean": 13.8,
        "std": 2.3579652245103193,
        "min": 11.0,
        "max": 19.0,
        "n": 10
      },
      "n_true_edges": {
        "mean": 8.0,
        "std": 0.0,
        "min": 8.0,
        "max": 8.0,
        "n": 10
      },
      "n_samples": {
        "mean": 20.0,
        "std": 0.0,
        "min": 20.0,
        "max": 20.0,
        "n": 10
      }
    },
    "holograph_N20": {
      "shd": {
        "mean": 6.0,
        "std": 0.0,
        "min": 6.0,
        "max": 6.0,
        "n": 10
      },
      "f1": {
        "mean": 0.6666666666666664,
        "std": 1.1102230246251565e-16,
        "min": 0.6666666666666665,
        "max": 0.6666666666666665,
        "n": 10
      },
      "precision": {
        "mean": 0.5999999999999999,
        "std": 1.1102230246251565e-16,
        "min": 0.6,
        "max": 0.6,
        "n": 10
      },
      "recall": {
        "mean": 0.75,
        "std": 0.0,
        "min": 0.75,
        "max": 0.75,
        "n": 10
      },
      "tp": {
        "mean": 6.0,
        "std": 0.0,
        "min": 6.0,
        "max": 6.0,
        "n": 10
      },
      "fp": {
        "mean": 4.0,
        "std": 0.0,
        "min": 4.0,
        "max": 4.0,